"ID";"指示器";"包";"数量";"名称";"供应商和参考";
1;"U17,U9";"Molex_PicoBlade_53261-0271_1x02-1MP_P1.25mm_Horizontal";2;"PLUG_SMD_2P";;;
2;"BZ1";"Buzzer_5.5mm";1;"Buzzer";;;
3;"U4";"Molex_PicoBlade_53261-0271_1x02-1MP_P1.25mm_Horizontal";1;"Motor_Dc";;;
4;"R2,R1,R9";"R_0603_1608Metric";3;"1K";;;
5;"Q2,Q1";"SOT-23";2;"S8050";;;
6;"D2,D1";"D_0603_1608Metric";2;"1N5819";;;
7;"G***";"logo";1;"LOGO";;;
8;"U3";"SMD-8";1;"NRF24L01_Breakout";;;
9;"BAT+,GND,NRST,GND,GND,3.3V,3.3V,3.3V,3.3V";"TestPoint_Pad_D2.5mm";9;"TestPoint_Pad_D2.5mm";;;
10;"USB";"Molex_PicoBlade_53261-0471_1x04-1MP_P1.25mm_Horizontal";1;"USB";;;
11;"U10,U6";"Molex_PicoBlade_53261-0471_1x04-1MP_P1.25mm_Horizontal";2;"PLUG_SMD_4P";;;
12;"U13";"Molex_PicoBlade_53261-0471_1x04-1MP_P1.25mm_Horizontal";1;"SWD";;;
13;"U1";"Molex_PicoBlade_53261-0471_1x04-1MP_P1.25mm_Horizontal";1;"OLED";;;
14;"U15,U14,U16,U12,U11,U7";"Molex_PicoBlade_53261-0371_1x03-1MP_P1.25mm_Horizontal";6;"PLUG_SMD";;;
15;"Y2";"Crystal_SMD_3215-2Pin_3.2x1.5mm";1;"32.768K";;;
16;"Y1";"Crystal_SMD_3225-4Pin_3.2x2.5mm";1;"8M";;;
17;"U5";"LQFP-48_7x7mm_P0.5mm";1;"STM32F103C8T6";;;
18;"U2";"SOT-223";1;"AMS1117-3.3";;;
19;"SW4,SW3,SW2,SW1";"SW_Push_1P1T_NO_6x6mm_H9.5mm";4;"SW_Push";;;
20;"R7,R5";"R_0603_1608Metric";2;"10K";;;
21;"R6";"R_0603_1608Metric";1;"20K";;;
22;"R4,R3";"R_0603_1608Metric";2;"100K";;;
23;"D4";"LED_0603_1608Metric";1;"LED";;;
24;"C13,C1,C12,C11,C10,C9,C8,C2";"C_0603_1608Metric";8;"104";;;
25;"C7,C6,C5,C4";"C_0603_1608Metric";4;"20P";;;
26;"C3";"C_Elec_6.3x5.4";1;"100U";;;
