Reference, Quantity, Value, Footprint, Datasheet
BZ1 ,1,"Buzzer","Buzzer_Beeper:Buzzer_5.5mm","~"
C12 C11 C10 C9 C13 C2 C8 C1 ,8,"104","Capacitor_SMD:C_0603_1608Metric","~"
C3 ,1,"100U","Capacitor_SMD:C_Elec_6.3x5.4","~"
C6 C7 C5 C4 ,4,"20P","Capacitor_SMD:C_0603_1608Metric","~"
D1 D2 ,2,"1N5819","Diode_SMD:D_0603_1608Metric","http://www.vishay.com/docs/88525/1n5817.pdf"
D4 ,1,"LED","LED_SMD:LED_0603_1608Metric","~"
Q1 Q2 ,2,"S8050","Package_TO_SOT_SMD:SOT-23","http://www.unisonic.com.tw/datasheet/S8050.pdf"
R4 R3 ,2,"100K","Resistor_SMD:R_0603_1608Metric","~"
R5 R7 ,2,"10K","Resistor_SMD:R_0603_1608Metric","~"
R6 ,1,"20K","Resistor_SMD:R_0603_1608Metric","~"
R9 R1 R2 ,3,"1K","Resistor_SMD:R_0603_1608Metric","~"
SW1 SW2 SW3 SW4 ,4,"SW_Push","Button_Switch_SMD:SW_Push_1P1T_NO_6x6mm_H9.5mm","~"
U1 ,1,"OLED","Connector_Molex:Molex_PicoBlade_53261-0471_1x04-1MP_P1.25mm_Horizontal",""
U13 ,1,"SWD","Connector_Molex:Molex_PicoBlade_53261-0471_1x04-1MP_P1.25mm_Horizontal",""
U14 U7 U11 U12 U16 U15 ,6,"PLUG_SMD","Connector_Molex:Molex_PicoBlade_53261-0371_1x03-1MP_P1.25mm_Horizontal",""
U2 ,1,"AMS1117-3.3","Package_TO_SOT_SMD:SOT-223","http://www.advanced-monolithic.com/pdf/ds1117.pdf"
U3 ,1,"NRF24L01_Breakout","New_lib:SMD-8","http://www.nordicsemi.com/eng/content/download/2730/34105/file/nRF24L01_Product_Specification_v2_0.pdf"
U4 ,1,"Motor_Dc","Connector_Molex:Molex_PicoBlade_53261-0271_1x02-1MP_P1.25mm_Horizontal",""
U5 ,1,"STM32F103C8T6","Package_QFP:LQFP-48_7x7mm_P0.5mm","http://www.st.com/st-web-ui/static/active/en/resource/technical/document/datasheet/CD00161566.pdf"
U6 U10 ,2,"PLUG_SMD_4P","Connector_Molex:Molex_PicoBlade_53261-0471_1x04-1MP_P1.25mm_Horizontal",""
U8 ,1,"USB","Connector_Molex:Molex_PicoBlade_53261-0471_1x04-1MP_P1.25mm_Horizontal",""
U9 U17 ,2,"PLUG_SMD_2P","Connector_Molex:Molex_PicoBlade_53261-0271_1x02-1MP_P1.25mm_Horizontal",""
Y1 ,1,"8M","Crystal:Crystal_SMD_3225-4Pin_3.2x2.5mm","~"
Y2 ,1,"32.768K","Crystal:Crystal_SMD_3215-2Pin_3.2x1.5mm","~"