Reference, Quantity, Value, Footprint, Datasheet
BZ1 ,1,"Buzzer","Buzzer_Beeper:Buzzer_12x9.5RM7.6","~"
C12 C11 C9 C8 C14 C1 C3 C13 ,8,"104","Capacitor_SMD:C_0603_1608Metric","~"
C2 ,1,"100U","Capacitor_SMD:C_Elec_6.3x5.4","~"
C6 C7 C5 C4 ,4,"20P","Capacitor_SMD:C_0603_1608Metric","~"
D1 D2 ,2,"LED","LED_SMD:LED_0603_1608Metric","~"
D3 ,1,"1N5819","Diode_SMD:D_0603_1608Metric","http://www.vishay.com/docs/88525/1n5817.pdf"
Q1 ,1,"S8050","Package_TO_SOT_SMD:SOT-23","http://www.unisonic.com.tw/datasheet/S8050.pdf"
R12 ,1,"20K","Resistor_SMD:R_0603_1608Metric","~"
R2 R13 ,2,"10K","Resistor_SMD:R_0603_1608Metric","~"
R3 R4 R11 ,3,"1K","Resistor_SMD:R_0603_1608Metric","~"
R5 R1 ,2,"100K","Resistor_SMD:R_0603_1608Metric","~"
SW4 SW5 SW6 SW7 ,4,"SW_Push","Button_Switch_SMD:SW_Push_1P1T_NO_6x6mm_H9.5mm","~"
U1 ,1,"AMS1117-3.3","Package_TO_SOT_SMD:SOT-223","http://www.advanced-monolithic.com/pdf/ds1117.pdf"
U12 U13 ,2,"PLUG_SMD_4P","Connector_Molex:Molex_PicoBlade_53261-0471_1x04-1MP_P1.25mm_Horizontal",""
U14 U8 U9 U10 U11 U15 ,6,"PLUG_SMD","Connector_Molex:Molex_PicoBlade_53261-0371_1x03-1MP_P1.25mm_Horizontal",""
U16 ,1,"PLUG_SMD_2P","Connector_Molex:Molex_PicoBlade_53261-0271_1x02-1MP_P1.25mm_Horizontal",""
U17 ,1,"USB","",""
U2 ,1,"OLED","Connector_Molex:Molex_PicoBlade_53261-0471_1x04-1MP_P1.25mm_Horizontal",""
U3 ,1,"STM32F103C8T6","Package_QFP:LQFP-48_7x7mm_P0.5mm","http://www.st.com/st-web-ui/static/active/en/resource/technical/document/datasheet/CD00161566.pdf"
U4 ,1,"NRF24L01_Breakout","New_lib:SMD-8","http://www.nordicsemi.com/eng/content/download/2730/34105/file/nRF24L01_Product_Specification_v2_0.pdf"
U5 ,1,"L7805","Package_TO_SOT_SMD:TO-263-2","http://www.st.com/content/ccc/resource/technical/document/datasheet/41/4f/b3/b0/12/d4/47/88/CD00000444.pdf/files/CD00000444.pdf/jcr:content/translations/en.CD00000444.pdf"
U7 ,1,"SWD","Connector_Molex:Molex_PicoBlade_53261-0471_1x04-1MP_P1.25mm_Horizontal",""
Y1 ,1,"8M","Crystal:Crystal_SMD_3225-4Pin_3.2x2.5mm","~"
Y2 ,1,"32.768K","Crystal:Crystal_SMD_3215-2Pin_3.2x1.5mm","~"